date,pair,start,end,usable_data,belly_up,notes
2026-03-06,0235-0236,15:41,16:37,,0,
2026-03-06,0236-0237,,15:09,,0,
2026-03-08,0235-0236,16:40,17:13,,0,
2026-03-08,0235-0237,14:26,14:50,,0,
2026-03-08,0236-0237,13:03,13:46,,0,
2026-03-09,0235-0236,16:54,17:14,,0,
2026-03-10,0235-0236,12:07,12:33,,0,
2026-03-13,0235-0237,10:46,11:04,,0,
2026-03-13,0235-0236,12:06,12:28,,0,
2026-03-13,0236-0237,13:04,13:15,,0,
2026-03-16,0236-0237,15:54,,,0,
2026-03-16,0235-0236,16:49,,,0,
2026-03-17,0236-0237,14:34,,~8.5mins,0,
2026-03-17,0235-0236,15:40,15:47,,0,
2026-03-18,0235-0236,10:33,10:50,,0,
2026-03-18,0235-0237,11:21,11:40,,0,
2026-03-18,0236-0237,14:15,14:43,,0,
2026-03-18,0235-0236,15:31,16:01,,0,
2026-03-18,0236-0237,16:56,17:35,,0,
2026-03-19,0235-0237,10:51,11:19,,0,
2026-03-19,0235-0236,13:04,13:35,,0,
2026-03-19,0236-0237,14:44,15:09,,0,
2026-03-19,0235-0237,15:51,16:09,~4mins,0,
2026-03-20,0235-0237,10:28,10:45,~7mins,0,
2026-03-20,0236-0237,11:24,11:50,,0,
2026-03-20,0235-0236,12:30,13:00,,0,
2026-03-23,0235-0236,15:56,16:32,~30,0,
2026-03-24,0236-0237,,,~20min,0,
2026-03-25,0235-0237,12:56,13:34,~15min,0,
2026-03-26,0236-0237,14:15,14:38,,0,
2026-03-26,0235-0237,14:23,15:48,,0,
2026-03-26,0235-0236,16:20,16:46,,0,
2026-03-27,0235-0236,13:05,13:18,,0,
2026-03-27,0235-0236,13:33,13:45,~12min,0,
2026-03-27,0236-0237,14:37,,~28min,0,
2026-03-27,0235-0237,15:49,16:06,~17min,0,
2026-03-30,0235-0237,15:19,,~18min,0,
2026-03-30,0235-0236,16:12,16:38,~20min,0,
2026-03-31,0235-0236,09:12,09:52,33min,0,
2026-03-31,0236-0237,10:29,10:43,~12min,0,
2026-03-31,0236-0237,11:16,,,0,
2026-04-01,0236-0237,13:14,13:42,21min,0,
2026-04-01,0235-0237,15:08,15:29,~11min,0,
2026-04-01,0235-0236,15:58,16:13,~14min,0,
2026-04-02,0235-0237,13:49,14:10,~10min,0,
2026-04-02,0235-0236,14:58,15:44,~43 min,0,
2026-04-02,0236-0237,17:02,17:33,~20min,0,
2026-04-08,0235-0236,13:48,14:10,~16,0,
2026-04-08,0235-0237,14:49,15:23,~26min,0,
2026-04-08,0236-0237,16:05,16:38,~18min,0,
2026-04-09,0235-0236,15:21,15:53,~30min,0,
2026-04-09,0236-0237,16:28,16:49,~22min,0,
2026-04-09,0235-0237,17:33,17:56,~20min,0,
2026-04-10,0235-0237,13:13,13:39,~22min,0,
2026-04-10,0235-0236,14:22,14:50,26min,0,
2026-04-10,0236-0237,15:24,16:02,~27min,0,
2026-04-13,0236-0237,16:07,16:53,~23min,0,
2026-04-14,0235-0236,15:14,16:02,~44min,0,
2026-04-14,0235-0237,16:50,17:16,~23,1,
2026-04-15,0236-0237,12:13,12:49,~33min,1,
2026-04-15,0235-0237,16:54,17:29,~32 mins,1,
2026-04-16,0236-0237,10:08,10:56,~38min,1,
2026-04-16,0235-0237,11:38,12:32,~36min,1,
2026-04-16,0235-0236,14:02,15:01,~55min,1,
2026-04-17,0235-0236,12:35,13:16,~35mins,1,
2026-04-17,0235-0237,13:51,14:22,~18mins,1,
2026-04-17,0236-0237,15:10,15:49,~23mins,1,
2026-04-23,0235-0237,09:36,10:07,~10mins,1,
2026-04-23,0236-0237,10:47,11:35,~26mins,1,
2026-04-23,0235-0236,12:48,13:31,~40mins,1,
2026-04-23,0235-0236,14:38,15:12,,1,
2026-04-23,0236-0237,15:45,16:23,~15mins,1,
2026-04-23,0235-0237,17:24,17:40,~12mins,1,
2026-04-24,0235-0237,13:26,14:12,~32mins,1,
2026-04-24,0235-0236,14:51,15:38,~44mins,1,
2026-04-24,0236-0237,16:15,16:51,~28mins,1,
2026-04-25,0236-0237,12:09,12:53,~35mins,1,
2026-04-25,0235-0237,13:28,13:53,~19mins,1,
2026-04-25,0235-0236,15:07,15:52,~40mins,1,
2026-04-28,0235-0237,10:56,11:32,~28mins,1,
2026-04-28,0235-0236,12:11,12:42,~29mins,1,
2026-04-28,0236-0237,13:19,14:02,~32mins,1,
2026-04-28,0235-0237,15:12,15:36,~16,1,
2026-04-28,0236-0237,16:28,16:48,~16mins,1,
2026-04-29,0235-0236,11:38,12:23,~40mins,1,
2026-04-29,0235-0237,13:42,14:32,~39mins,1,
2026-04-29,0236-0237,15:36,16:22,~36mins,1,
2026-04-30,0235-0237,10:54,11:43,~40mins,1,
2026-04-30,0236-0237,12:24,13:19,~48mins,1,
2026-04-30,0235-0236,14:55,15:46,~47min,1,
2026-05-01,0235-0236,10:44,10:32,~42mins,1,
2026-05-01,0236-0237,12:45,13:41,~48mins,1,
2026-05-01,0235-0237,14:31,15:16,~42mins,1,
2026-05-07,0235-0237,10:40,11:25,~40mins,1,
2026-05-07,0236-0237,12:07,12:49,~36mins,1,
2026-05-07,0235-0236,13:36,14:20,~42mins,1,
2026-05-07,0235-0237,15:57,16:47,~44mins,1,
2026-05-08,0235-0236,11:46,12:30,~42mins,1,
2026-05-08,0236-0237,14:39,15:30,~48mins,1,
2026-05-08,0235-0237,16:34,17:19,~41mins,1,
2026-05-12,0235-0237,15:34,16:06,~29mins,1,
2026-05-12,0236-0237,16:48,17:15,~24mins,1,
2026-05-13,0235-0237,11:43,12:25,~28mins,1,
2026-05-13,0235-0237,15:18,15:51,~30mins,1,
2026-05-15,0235-0237,15:03,15:48,~40mns,1,
2026-05-18,0235-0237,13:09,13:53,~38mins,1,
2026-05-19,0235-0237,10:44,11:47,~47mins,1,
2026-05-20,0235-0237,10:27,11:13,~39mins,1,
2026-05-20,0235-0237,13:30,14:20,~40mins,1,
